Time (s),Pressure 1 (mmHg),Pressure 2 (mmHg),Flow Rate (mL/s),Heart Rate (BPM),Ventricle Temperature 1 (°C),Ventricle Temperature 2 (°C),Atrium Temperature (°C)
4.5458,76.89,30.11,130.0,60.0,25.75,24.56,24.25
4.5989,67.42,10.54,130.0,60.0,25.75,24.56,24.25
4.6522,65.84,10.86,130.0,60.0,25.75,24.56,24.25
4.7015,126.76,10.86,926.0,60.0,25.75,24.56,24.25
4.7547,146.65,10.86,923.0,60.0,25.75,24.56,24.25
4.8079,94.57,11.17,130.0,60.0,25.75,24.56,24.25
4.8611,93.94,11.17,924.0,60.0,25.75,24.56,24.25
4.9143,104.98,11.49,921.0,60.0,25.75,24.56,24.25
4.9637,115.08,11.49,922.0,60.0,25.75,24.56,24.25
5.0168,137.49,11.49,926.0,60.0,25.75,24.56,24.25
5.0699,108.77,32.01,130.0,60.0,25.75,24.56,24.25
5.1232,143.81,32.01,0.0,60.0,25.75,24.56,24.25
5.1725,97.41,32.01,131.0,60.0,25.75,24.56,24.25
5.2257,63.63,32.01,130.0,60.0,25.75,24.56,24.25
5.2788,84.15,32.01,0.0,60.0,25.75,24.56,24.25
5.3321,69.63,32.01,130.0,60.0,25.75,24.56,24.25
5.3814,94.57,32.01,0.0,60.0,25.75,24.56,24.25
5.4346,119.82,32.01,130.0,60.0,25.75,24.56,24.25
5.4879,120.77,32.01,130.0,60.0,25.75,24.56,24.25
5.5411,105.3,32.01,0.0,60.0,25.75,24.56,24.25
6.2046,119.5,30.74,131.0,60.0,25.75,24.56,24.19
6.2578,103.09,11.81,130.0,60.0,25.75,24.56,24.19
6.307,56.06,11.49,130.0,60.0,25.75,24.56,24.19
6.3602,72.16,11.49,925.0,60.0,25.75,24.56,24.19
6.4135,60.16,11.49,130.0,60.0,25.75,24.56,24.19
6.4667,55.74,11.81,130.0,60.0,25.75,24.56,24.19
6.5199,105.93,11.81,925.0,60.0,25.75,24.56,24.19
6.5731,114.45,11.81,130.0,60.0,25.75,24.56,24.19
6.6224,85.1,11.81,130.0,60.0,25.75,24.56,24.19
6.6756,73.1,11.49,926.0,60.0,25.75,24.56,24.19
6.7248,98.35,32.01,0.0,60.0,25.75,24.56,24.19
6.778,107.51,32.01,0.0,60.0,25.75,24.56,24.19
6.8312,117.29,32.01,0.0,60.0,25.75,24.56,24.19
6.8844,126.45,32.01,0.0,60.0,25.75,24.56,24.19
6.9337,143.49,32.01,131.0,60.0,25.75,24.56,24.19
6.9869,152.65,32.01,130.0,60.0,25.75,24.56,24.19
7.0402,142.86,32.01,0.0,60.0,25.75,24.56,24.19
7.0933,123.29,32.01,0.0,60.0,25.75,24.56,24.19
7.1466,105.61,32.01,131.0,60.0,25.75,24.56,24.19
7.1958,93.94,32.01,130.0,60.0,25.75,24.56,24.19
7.8594,110.03,30.74,926.0,60.0,25.75,24.62,24.25
7.9125,121.4,11.81,925.0,60.0,25.75,24.62,24.25
7.9658,130.55,11.81,925.0,60.0,25.75,24.62,24.25
8.0189,135.6,11.81,131.0,60.0,25.75,24.62,24.25
8.0722,154.54,11.81,130.0,60.0,25.75,24.62,24.25
8.1215,134.02,11.81,131.0,60.0,25.75,24.62,24.25
8.1747,86.04,11.81,130.0,60.0,25.75,24.62,24.25
8.2281,100.25,11.81,922.0,60.0,25.75,24.62,24.25
8.2811,85.73,11.81,130.0,60.0,25.75,24.62,24.25
8.3344,104.04,11.81,925.0,60.0,25.75,24.62,24.25
8.3836,87.62,32.01,130.0,60.0,25.75,24.62,24.25
8.4368,143.81,32.01,0.0,60.0,25.75,24.62,24.25
8.49,151.38,32.01,0.0,60.0,25.75,24.62,24.25
8.5393,121.08,31.69,0.0,60.0,25.75,24.62,24.25
8.5925,93.62,32.01,131.0,60.0,25.75,24.62,24.25
8.6457,111.3,32.01,0.0,60.0,25.75,24.62,24.25
8.699,122.97,32.01,0.0,60.0,25.75,24.62,24.25
8.7521,130.23,32.32,131.0,60.0,25.75,24.62,24.25
8.8054,149.17,32.01,131.0,60.0,25.75,24.62,24.25
8.8547,124.87,32.32,130.0,60.0,25.75,24.62,24.25
9.5182,112.56,30.74,130.0,60.0,25.69,24.62,24.25
9.5714,117.92,11.49,130.0,60.0,25.69,24.62,24.25
9.6246,78.78,11.49,130.0,60.0,25.69,24.62,24.25
9.6778,47.85,11.81,130.0,60.0,25.69,24.62,24.25
9.7271,43.75,11.81,130.0,60.0,25.69,24.62,24.25
9.7803,41.54,11.81,130.0,60.0,25.69,24.62,24.25
9.8335,45.33,11.81,130.0,60.0,25.69,24.62,24.25
9.8867,83.2,11.81,130.0,60.0,25.69,24.62,24.25
9.9399,78.15,11.81,130.0,60.0,25.69,24.62,24.25
9.9892,36.17,11.81,130.0,60.0,25.69,24.62,24.25
10.0424,65.84,32.01,130.0,60.0,25.69,24.62,24.25
10.0916,45.33,32.01,130.0,60.0,25.69,24.62,24.25
10.1448,40.91,32.01,130.0,60.0,25.69,24.62,24.25
10.198,37.12,32.32,130.0,60.0,25.69,24.62,24.25
10.2512,50.69,32.32,130.0,60.0,25.69,24.62,24.25
10.3045,82.57,32.01,130.0,60.0,25.69,24.62,24.25
10.3537,71.52,32.01,131.0,60.0,25.69,24.62,24.25
10.407,26.39,32.01,130.0,60.0,25.69,24.62,24.25
10.4602,15.34,32.01,130.0,60.0,25.69,24.62,24.25
10.5133,14.39,32.01,130.0,60.0,25.69,24.62,24.25
11.1769,18.18,30.74,130.0,60.0,25.69,24.69,24.25
11.2262,16.29,11.49,130.0,60.0,25.69,24.69,24.25
11.2794,15.97,11.49,130.0,60.0,25.69,24.69,24.25
11.3326,16.92,11.49,130.0,60.0,25.69,24.69,24.25
11.3858,53.53,11.49,130.0,60.0,25.69,24.69,24.25
11.439,60.79,11.49,130.0,60.0,25.69,24.69,24.25
11.4882,25.76,11.49,131.0,60.0,25.69,24.69,24.25
11.5415,0.13,11.81,130.0,60.0,25.69,24.69,24.25
11.5947,1.07,11.81,130.0,60.0,25.69,24.69,24.25
11.648,1.39,11.81,130.0,60.0,25.69,24.69,24.25
11.697,36.17,32.01,131.0,60.0,25.69,24.69,24.25
11.7463,31.75,32.01,130.0,60.0,25.69,24.69,24.25
11.7995,50.06,32.01,131.0,60.0,25.69,24.69,24.25
11.8528,76.58,32.01,130.0,60.0,25.69,24.69,24.25
11.906,63.0,32.01,131.0,60.0,25.69,24.69,24.25
11.9592,18.81,32.01,130.0,60.0,25.69,24.69,24.25
12.0084,10.61,32.01,130.0,60.0,25.69,24.69,24.25
12.0617,9.03,32.01,130.0,60.0,25.69,24.69,24.25
12.1149,7.76,32.01,130.0,60.0,25.69,24.69,24.25
12.1681,36.8,32.01,130.0,60.0,25.69,24.69,24.25
12.8315,10.61,30.74,130.0,60.0,25.62,24.69,24.25
12.8808,13.76,11.49,130.0,60.0,25.62,24.69,24.25
12.9341,51.32,11.49,130.0,60.0,25.62,24.69,24.25
12.9873,57.01,11.49,130.0,60.0,25.62,24.69,24.25
13.0405,19.76,11.49,130.0,60.0,25.62,24.69,24.25
13.0937,3.28,11.49,130.0,60.0,25.62,24.69,24.25
13.143,6.12,11.49,130.0,60.0,25.62,24.69,24.25
13.1962,4.86,11.81,131.0,60.0,25.62,24.69,24.25
13.2494,2.71,11.81,130.0,60.0,25.62,24.69,24.25
13.3026,43.12,11.81,131.0,60.0,25.62,24.69,24.25
13.3518,61.74,32.01,131.0,60.0,25.62,24.69,24.25
13.405,59.85,32.01,130.0,60.0,25.62,24.69,24.25
13.4582,16.92,32.01,130.0,60.0,25.62,24.69,24.25
13.5075,0.82,32.01,131.0,60.0,25.62,24.69,24.25
13.5607,2.34,32.01,130.0,60.0,25.62,24.69,24.25
13.6139,1.07,32.01,130.0,60.0,25.62,24.69,24.25
13.6672,11.24,32.01,131.0,60.0,25.62,24.69,24.25
13.7204,48.8,32.01,130.0,60.0,25.62,24.69,24.25
13.7696,42.8,32.01,130.0,60.0,25.62,24.69,24.25
13.8228,0.44,32.01,130.0,60.0,25.62,24.69,24.25
14.4864,50.38,30.74,130.0,60.0,25.56,24.69,24.31
14.5396,27.65,11.49,130.0,60.0,25.56,24.69,24.31
14.5928,4.55,11.49,130.0,60.0,25.56,24.69,24.31
14.642,7.07,11.49,130.0,60.0,25.56,24.69,24.31
14.6953,7.39,11.49,131.0,60.0,25.56,24.69,24.31
14.7485,7.39,11.49,130.0,60.0,25.56,24.69,24.31
14.8017,24.49,11.49,130.0,60.0,25.56,24.69,24.31
14.8549,40.28,11.49,130.0,60.0,25.56,24.69,24.31
14.9042,12.82,11.49,130.0,60.0,25.56,24.69,24.31
14.9573,15.91,11.81,130.0,60.0,25.56,24.69,24.31
15.0065,28.91,32.01,130.0,60.0,25.56,24.69,24.31
15.0597,24.18,32.01,130.0,60.0,25.56,24.69,24.31
15.113,21.65,32.32,130.0,60.0,25.56,24.69,24.31
15.1662,21.65,32.01,130.0,60.0,25.56,24.69,24.31
15.2194,57.01,32.01,130.0,60.0,25.56,24.69,24.31
15.2687,60.48,32.01,130.0,60.0,25.56,24.69,24.31
15.322,25.76,32.01,130.0,60.0,25.56,24.69,24.31
15.3752,3.35,32.01,131.0,60.0,25.56,24.69,24.31
15.4283,2.08,32.01,130.0,60.0,25.56,24.69,24.31
15.4816,1.14,32.01,130.0,60.0,25.56,24.69,24.31
16.1411,7.45,30.74,130.0,60.0,25.62,24.75,24.37
16.1943,5.87,11.81,130.0,60.0,25.62,24.75,24.37
16.2475,4.29,11.17,130.0,60.0,25.62,24.75,24.37
16.3007,26.39,11.17,131.0,60.0,25.62,24.75,24.37
16.3539,49.75,11.17,131.0,60.0,25.62,24.75,24.37
16.4032,34.28,11.49,130.0,60.0,25.62,24.75,24.37
16.4564,0.76,11.49,130.0,60.0,25.62,24.75,24.37
16.5096,8.33,11.49,130.0,60.0,25.62,24.75,24.37
16.5629,8.33,11.49,130.0,60.0,25.62,24.75,24.37
16.6121,8.96,11.49,130.0,60.0,25.62,24.75,24.37
16.6612,23.23,32.01,131.0,60.0,25.62,24.75,24.37
16.7144,23.55,32.01,130.0,60.0,25.62,24.75,24.37
16.7677,59.53,32.01,131.0,60.0,25.62,24.75,24.37
16.8209,61.74,32.01,131.0,60.0,25.62,24.75,24.37
16.8741,24.81,32.01,130.0,60.0,25.62,24.75,24.37
16.9234,3.35,32.01,130.0,60.0,25.62,24.75,24.37
16.9767,2.08,32.01,130.0,60.0,25.62,24.75,24.37
17.0298,1.77,32.01,130.0,60.0,25.62,24.75,24.37
17.0831,8.08,32.01,131.0,60.0,25.62,24.75,24.37
17.1363,46.27,32.01,130.0,60.0,25.62,24.75,24.37
17.7959,3.66,30.74,130.0,60.0,25.5,24.75,24.37
17.849,27.97,11.17,131.0,60.0,25.5,24.75,24.37
17.9022,49.43,11.17,131.0,60.0,25.5,24.75,24.37
17.9555,31.12,11.17,131.0,60.0,25.5,24.75,24.37
18.0047,2.97,11.17,130.0,60.0,25.5,24.75,24.37
18.058,7.7,11.17,130.0,60.0,25.5,24.75,24.37
18.1112,8.02,11.49,131.0,60.0,25.5,24.75,24.37
18.1644,8.33,11.49,130.0,60.0,25.5,24.75,24.37
18.2176,22.28,11.49,130.0,60.0,25.5,24.75,24.37
18.2709,41.54,11.49,130.0,60.0,25.5,24.75,24.37
18.32,70.89,32.01,130.0,60.0,25.5,24.75,24.37
18.3732,42.8,32.01,131.0,60.0,25.5,24.75,24.37
18.4224,9.97,32.01,130.0,60.0,25.5,24.75,24.37
18.4757,7.76,32.01,130.0,60.0,25.5,24.75,24.37
18.529,5.87,32.01,130.0,60.0,25.5,24.75,24.37
18.5821,6.5,32.01,130.0,60.0,25.5,24.75,24.37
18.6314,40.91,32.01,130.0,60.0,25.5,24.75,24.37
18.6847,50.06,32.01,130.0,60.0,25.5,24.75,24.37
18.7379,17.87,32.32,130.0,60.0,25.5,24.75,24.37
18.7911,6.75,32.01,130.0,60.0,25.5,24.75,24.37
19.4545,45.96,30.74,131.0,60.0,25.5,24.75,24.37
19.5038,6.82,11.49,130.0,60.0,25.5,24.75,24.37
19.557,3.6,11.49,130.0,60.0,25.5,24.75,24.37
19.6103,4.55,11.49,130.0,60.0,25.5,24.75,24.37
19.6635,4.86,11.49,130.0,60.0,25.5,24.75,24.37
19.7167,16.6,11.49,130.0,60.0,25.5,24.75,24.37
19.766,42.17,11.49,131.0,60.0,25.5,24.75,24.37
19.8191,28.28,11.49,130.0,60.0,25.5,24.75,24.37
19.8724,7.39,11.49,131.0,60.0,25.5,24.75,24.37
19.9256,13.38,11.81,130.0,60.0,25.5,24.75,24.37
19.9748,30.49,32.01,130.0,60.0,25.5,24.75,24.37
20.028,25.44,32.32,130.0,60.0,25.5,24.75,24.37
20.0812,22.6,32.01,130.0,60.0,25.5,24.75,24.37
20.1305,49.43,32.01,131.0,60.0,25.5,24.75,24.37
20.1836,65.53,32.01,130.0,60.0,25.5,24.75,24.37
20.237,39.33,32.01,130.0,60.0,25.5,24.75,24.37
20.2901,7.13,32.01,130.0,60.0,25.5,24.75,24.37
20.3434,3.66,32.01,130.0,60.0,25.5,24.75,24.37
20.3926,3.35,32.01,130.0,60.0,25.5,24.75,24.37
20.4458,2.71,32.01,130.0,60.0,25.5,24.75,24.37
21.1093,6.19,30.74,130.0,60.0,25.5,24.81,24.37
21.1626,4.29,11.49,130.0,60.0,25.5,24.81,24.37
21.2157,15.02,11.49,130.0,60.0,25.5,24.81,24.37
21.265,51.32,11.49,130.0,60.0,25.5,24.81,24.37
21.3183,46.27,11.49,130.0,60.0,25.5,24.81,24.37
21.3715,5.24,10.86,130.0,60.0,25.5,24.81,24.37
21.4247,6.44,12.75,130.0,60.0,25.5,24.81,24.37
21.478,8.65,10.86,130.0,60.0,25.5,24.81,24.37
21.5272,7.7,11.17,130.0,60.0,25.5,24.81,24.37
21.5804,13.45,11.49,130.0,60.0,25.5,24.81,24.37
21.6296,34.28,27.59,130.0,60.0,25.5,24.81,24.37
21.6828,62.06,32.01,130.0,60.0,25.5,24.81,24.37
21.736,49.75,32.01,130.0,60.0,25.5,24.81,24.37
21.7892,7.76,32.01,130.0,60.0,25.5,24.81,24.37
21.8424,2.02,32.01,130.0,60.0,25.5,24.81,24.37
21.8917,2.02,29.48,130.0,60.0,25.5,24.81,24.37
21.9449,2.02,32.01,130.0,60.0,25.5,24.81,24.37
21.9981,25.13,32.01,130.0,60.0,25.5,24.81,24.37
22.0513,46.9,30.74,130.0,60.0,25.5,24.81,24.37
22.1045,27.33,32.32,130.0,60.0,25.5,24.81,24.37
22.7641,43.75,24.43,130.0,60.0,25.44,24.81,24.44
22.8173,46.27,9.6,130.0,60.0,25.44,24.81,24.44
22.8705,8.71,9.6,130.0,60.0,25.44,24.81,24.44
22.9237,9.91,9.91,130.0,60.0,25.44,24.81,24.44
22.973,10.23,9.91,130.0,60.0,25.44,24.81,24.44
23.0263,10.54,10.86,130.0,60.0,25.44,24.81,24.44
23.0794,2.65,6.12,130.0,60.0,25.44,24.81,24.44
23.1326,35.54,3.98,130.0,60.0,25.44,24.81,24.44
23.1858,34.91,4.23,130.0,60.0,25.44,24.81,24.44
23.2351,1.7,10.54,130.0,60.0,25.44,24.81,24.44
23.2842,69.32,32.01,130.0,60.0,25.44,24.81,24.44
23.3374,26.07,32.01,130.0,60.0,25.44,24.81,24.44
23.3907,16.6,32.01,130.0,60.0,25.44,24.81,24.44
23.444,13.76,32.01,130.0,60.0,25.44,24.81,24.44
23.4971,11.55,32.01,130.0,60.0,25.44,24.81,24.44
23.5464,40.91,32.01,130.0,60.0,25.44,24.81,24.44
23.5996,58.27,32.01,130.0,60.0,25.44,24.81,24.44
23.6528,30.18,32.01,130.0,60.0,25.44,24.81,24.44
23.706,1.7,32.32,130.0,60.0,25.44,24.81,24.44
23.7553,2.65,30.43,130.0,60.0,25.44,24.81,24.44
24.4187,15.97,28.85,130.0,60.0,25.44,24.81,24.44
24.472,2.4,10.23,130.0,60.0,25.44,24.81,24.44
24.5252,0.51,10.86,130.0,60.0,25.44,24.81,24.44
24.5785,1.07,10.23,130.0,60.0,25.44,24.81,24.44
24.6277,16.29,5.81,130.0,60.0,25.44,24.81,24.44
24.6809,46.27,5.18,130.0,60.0,25.44,24.81,24.44
24.7341,40.59,7.7,130.0,60.0,25.44,24.81,24.44
24.7873,0.13,10.86,130.0,60.0,25.44,24.81,24.44
24.8406,11.81,11.17,130.0,60.0,25.44,24.81,24.44
24.8898,12.12,11.17,130.0,60.0,25.44,24.81,24.44
24.943,30.18,27.27,130.0,60.0,25.44,24.81,24.44
24.9922,26.39,27.27,131.0,60.0,25.44,24.81,24.44
25.0455,48.17,19.38,131.0,60.0,25.44,24.81,24.44
25.0987,69.95,26.96,131.0,60.0,25.44,24.81,24.44
25.152,51.01,28.85,131.0,60.0,25.44,24.81,24.44
25.2051,12.5,32.01,130.0,60.0,25.44,24.81,24.44
25.2544,5.56,29.48,130.0,60.0,25.44,24.81,24.44
25.3076,0.19,30.43,131.0,60.0,25.44,24.81,24.44
25.3608,0.13,32.32,131.0,60.0,25.44,24.81,24.44
25.414,31.75,32.32,130.0,60.0,25.44,24.81,24.44
26.0775,3.98,30.43,131.0,60.0,25.44,24.81,24.44
26.1268,8.08,22.22,130.0,60.0,25.44,24.81,24.44
26.18,45.64,20.64,130.0,60.0,25.44,24.81,24.44
26.2332,39.33,21.27,130.0,60.0,25.44,24.81,24.44
26.2864,4.86,24.12,130.0,60.0,25.44,24.81,24.44
26.3396,16.22,24.12,130.0,60.0,25.44,24.81,24.44
26.3929,16.22,24.43,130.0,60.0,25.44,24.81,24.44
26.4422,15.91,24.43,130.0,60.0,25.44,24.81,24.44
26.4954,9.97,22.22,130.0,60.0,25.44,24.81,24.44
26.5486,37.75,21.27,130.0,60.0,25.44,24.81,24.44
26.5978,84.47,32.32,130.0,60.0,25.44,24.81,24.44
26.651,65.84,32.32,130.0,60.0,25.44,24.81,24.44
26.7042,24.81,32.32,130.0,60.0,25.44,24.81,24.44
26.7574,16.29,32.32,130.0,60.0,25.44,24.81,24.44
26.8067,14.39,32.32,130.0,60.0,25.44,24.81,24.44
26.8599,11.24,32.32,130.0,60.0,25.44,24.81,24.44
26.9131,41.54,32.32,130.0,60.0,25.44,24.81,24.44
26.9663,57.32,32.32,130.0,60.0,25.44,24.81,24.44
27.0195,28.91,32.32,130.0,60.0,25.44,24.81,24.44
27.0688,1.39,32.32,130.0,60.0,25.44,24.81,24.44
27.7323,53.22,32.32,131.0,60.0,25.44,24.81,24.44
27.7855,3.03,25.38,130.0,60.0,25.44,24.81,24.44
27.8387,8.96,25.38,130.0,60.0,25.44,24.81,24.44
27.888,9.91,25.38,130.0,60.0,25.44,24.81,24.44
27.9412,9.91,25.38,130.0,60.0,25.44,24.81,24.44
27.9944,14.71,25.38,130.0,60.0,25.44,24.81,24.44
28.0476,41.85,25.38,130.0,60.0,25.44,24.81,24.44
28.1009,27.33,25.38,130.0,60.0,25.44,24.81,24.44
28.1541,13.07,25.38,130.0,60.0,25.44,24.81,24.44
28.2034,19.38,25.38,130.0,60.0,25.44,24.81,24.44
28.2565,65.84,32.32,130.0,60.0,25.44,24.81,24.44
28.3058,57.32,32.32,130.0,60.0,25.44,24.81,24.44
28.359,51.64,32.32,130.0,60.0,25.44,24.81,24.44
28.4122,77.52,32.32,130.0,60.0,25.44,24.81,24.44
28.4654,91.09,32.32,130.0,60.0,25.44,24.81,24.44
28.5186,60.16,32.32,130.0,60.0,25.44,24.81,24.44
28.5679,25.76,32.32,130.0,60.0,25.44,24.81,24.44
28.6211,23.55,32.32,130.0,60.0,25.44,24.81,24.44
28.6743,20.71,32.32,130.0,60.0,25.44,24.81,24.44
28.7276,21.97,32.32,130.0,60.0,25.44,24.81,24.44
29.391,19.76,32.32,131.0,60.0,25.44,24.87,24.44
29.4403,9.97,25.38,130.0,60.0,25.44,24.87,24.44
29.4935,37.44,25.38,130.0,60.0,25.44,24.87,24.44
29.5467,60.79,25.38,130.0,60.0,25.44,24.87,24.44
29.6,39.01,25.38,130.0,60.0,25.44,24.87,24.44
29.6532,1.07,25.38,130.0,60.0,25.44,24.87,24.44
29.7025,6.12,25.38,130.0,60.0,25.44,24.87,24.44
29.7557,6.75,25.38,130.0,60.0,25.44,24.87,24.44
29.8089,7.7,25.38,130.0,60.0,25.44,24.87,24.44
29.8621,27.33,25.38,130.0,60.0,25.44,24.87,24.44
29.9113,59.53,32.32,130.0,60.0,25.44,24.87,24.44
29.9645,72.79,32.32,130.0,60.0,25.44,24.87,24.44
30.0177,42.49,32.32,130.0,60.0,25.44,24.87,24.44
30.067,9.97,32.32,130.0,60.0,25.44,24.87,24.44
30.1202,9.03,32.32,130.0,60.0,25.44,24.87,24.44
30.1733,7.76,32.32,130.0,60.0,25.44,24.87,24.44
30.2266,8.4,32.32,130.0,60.0,25.44,24.87,24.44
30.2798,45.64,32.32,130.0,60.0,25.44,24.87,24.44
30.3291,52.59,32.32,130.0,60.0,25.44,24.87,24.44
30.3823,17.23,32.32,130.0,60.0,25.44,24.87,24.44
31.0458,56.37,32.32,131.0,60.0,25.37,24.87,24.44
31.099,34.28,25.69,130.0,60.0,25.37,24.87,24.44
31.1522,6.75,25.69,130.0,60.0,25.37,24.87,24.44
31.2015,12.44,25.69,130.0,60.0,25.37,24.87,24.44
31.2548,12.75,25.69,130.0,60.0,25.37,24.87,24.44
31.308,12.44,25.69,130.0,60.0,25.37,24.87,24.44
31.3612,22.92,25.69,130.0,60.0,25.37,24.87,24.44
31.4144,41.85,25.69,130.0,60.0,25.37,24.87,24.44
31.4637,12.82,25.69,130.0,60.0,25.37,24.87,24.44
31.5169,19.38,25.69,130.0,60.0,25.37,24.87,24.44
31.5661,66.16,32.32,130.0,60.0,25.37,24.87,24.44
31.6193,58.9,32.32,130.0,60.0,25.37,24.87,24.44
31.6725,52.59,32.32,130.0,60.0,25.37,24.87,24.44
31.7257,51.32,32.32,130.0,60.0,25.37,24.87,24.44
31.7789,85.41,32.32,130.0,60.0,25.37,24.87,24.44
31.8321,85.41,32.32,130.0,60.0,25.37,24.87,24.44
31.8814,45.33,32.32,130.0,60.0,25.37,24.87,24.44
31.9346,23.23,32.32,130.0,60.0,25.37,24.87,24.44
31.9878,21.02,32.32,130.0,60.0,25.37,24.87,24.44
32.041,18.5,32.32,130.0,60.0,25.37,24.87,24.44
32.7046,20.07,32.32,131.0,60.0,25.37,24.87,24.44
32.7538,10.92,25.38,130.0,60.0,25.37,24.87,24.44
32.8071,9.03,25.38,130.0,60.0,25.37,24.87,24.44
32.8602,44.38,25.38,130.0,60.0,25.37,24.87,24.44
32.9134,57.64,25.38,130.0,60.0,25.37,24.87,24.44
32.9667,25.13,25.38,130.0,60.0,25.37,24.87,24.44
33.016,4.86,25.38,130.0,60.0,25.37,24.87,24.44
33.0692,6.12,25.38,130.0,60.0,25.37,24.87,24.44
33.1224,6.75,25.38,130.0,60.0,25.37,24.87,24.44
33.1756,3.91,25.38,130.0,60.0,25.37,24.87,24.44
33.2247,36.17,32.32,130.0,60.0,25.37,24.87,24.44
33.274,48.17,32.32,130.0,60.0,25.37,24.87,24.44
33.3272,76.58,32.32,130.0,60.0,25.37,24.87,24.44
33.3804,65.84,32.32,130.0,60.0,25.37,24.87,24.44
33.4336,22.6,32.32,130.0,60.0,25.37,24.87,24.44
33.4869,12.5,32.32,130.0,60.0,25.37,24.87,24.44
33.5361,10.92,32.32,130.0,60.0,25.37,24.87,24.44
33.5894,9.34,32.32,130.0,60.0,25.37,24.87,24.44
33.6426,34.91,32.32,130.0,60.0,25.37,24.87,24.44
33.6958,54.8,32.32,130.0,60.0,25.37,24.87,24.44
34.3593,13.76,32.32,131.0,60.0,25.37,24.87,24.5
34.4086,47.85,25.38,130.0,60.0,25.37,24.87,24.5
34.4618,45.33,25.38,130.0,60.0,25.37,24.87,24.5
34.515,3.03,25.38,130.0,60.0,25.37,24.87,24.5
34.5682,12.44,25.38,130.0,60.0,25.37,24.87,24.5
34.6214,12.75,25.38,130.0,60.0,25.37,24.87,24.5
34.6707,13.07,25.38,130.0,60.0,25.37,24.87,24.5
34.7239,6.5,25.06,130.0,60.0,25.37,24.87,24.5
34.7772,39.64,25.38,130.0,60.0,25.37,24.87,24.5
34.8303,31.44,25.06,130.0,60.0,25.37,24.87,24.5
34.8795,104.98,32.32,130.0,60.0,25.37,24.87,24.5
34.9327,56.69,32.32,130.0,60.0,25.37,24.87,24.5
34.9859,43.12,32.32,130.0,60.0,25.37,24.87,24.5
35.0352,38.07,32.32,130.0,60.0,25.37,24.87,24.5
35.0885,34.28,32.32,130.0,60.0,25.37,24.87,24.5
35.1416,57.95,32.32,130.0,60.0,25.37,24.87,24.5
35.1949,76.58,32.32,130.0,60.0,25.37,24.87,24.5
35.2481,52.27,32.32,130.0,60.0,25.37,24.87,24.5
35.2974,16.92,32.32,130.0,60.0,25.37,24.87,24.5
35.3506,12.18,32.32,130.0,60.0,25.37,24.87,24.5
36.0141,27.65,32.32,131.0,60.0,25.31,24.87,24.5
36.0673,4.29,25.38,130.0,60.0,25.31,24.87,24.5
36.1205,3.03,25.06,130.0,60.0,25.31,24.87,24.5
36.1697,1.77,25.38,130.0,60.0,25.31,24.87,24.5
36.223,18.18,25.38,130.0,60.0,25.31,24.87,24.5
36.2762,52.27,25.38,130.0,60.0,25.31,24.87,24.5
36.3294,42.49,25.06,130.0,60.0,25.31,24.87,24.5
36.3826,1.39,25.06,130.0,60.0,25.31,24.87,24.5
36.4318,11.17,25.06,130.0,60.0,25.31,24.87,24.5
36.4851,11.17,25.06,130.0,60.0,25.31,24.87,24.5
36.5343,67.42,32.32,130.0,60.0,25.31,24.87,24.5
36.5875,59.21,32.32,130.0,60.0,25.31,24.87,24.5
36.6408,79.1,32.32,130.0,60.0,25.31,24.87,24.5
36.694,96.78,32.32,130.0,60.0,25.31,24.87,24.5
36.7472,74.37,32.32,130.0,60.0,25.31,24.87,24.5
36.8004,35.23,32.32,130.0,60.0,25.31,24.87,24.5
36.8497,27.65,32.32,130.0,60.0,25.31,24.87,24.5
36.9029,25.13,32.32,130.0,60.0,25.31,24.87,24.5
36.9561,22.6,32.32,130.0,60.0,25.31,24.87,24.5
37.0093,54.48,32.32,130.0,60.0,25.31,24.87,24.5
37.6728,19.76,32.32,131.0,60.0,25.31,24.94,24.5
37.722,27.65,25.06,130.0,60.0,25.31,24.94,24.5
37.7753,60.16,25.06,130.0,60.0,25.31,24.94,24.5
37.8285,50.69,25.06,130.0,60.0,25.31,24.94,24.5
37.8817,5.56,25.06,130.0,60.0,25.31,24.94,24.5
37.931,4.55,25.06,130.0,60.0,25.31,24.94,24.5
37.9841,4.86,25.06,130.0,60.0,25.31,24.94,24.5
38.0374,5.49,25.06,130.0,60.0,25.31,24.94,24.5
38.0906,19.76,25.06,130.0,60.0,25.31,24.94,24.5
38.1438,46.59,25.06,130.0,60.0,25.31,24.94,24.5
38.193,87.62,32.32,130.0,60.0,25.31,24.94,24.5
38.2462,69.0,32.32,130.0,60.0,25.31,24.94,24.5
38.2994,27.97,32.32,130.0,60.0,25.31,24.94,24.5
38.3487,19.76,32.32,130.0,60.0,25.31,24.94,24.5
38.4019,17.55,32.32,130.0,60.0,25.31,24.94,24.5
38.4551,15.02,32.32,130.0,60.0,25.31,24.94,24.5
38.5084,43.43,32.32,130.0,60.0,25.31,24.94,24.5
38.5616,59.53,32.32,130.0,60.0,25.31,24.94,24.5
38.6108,32.7,32.32,130.0,60.0,25.31,24.94,24.5
38.664,1.14,32.32,130.0,60.0,25.31,24.94,24.5
39.3275,55.43,32.32,131.0,60.0,25.31,24.87,24.5
39.3807,6.19,25.06,130.0,60.0,25.31,24.87,24.5
39.434,7.39,25.06,130.0,60.0,25.31,24.87,24.5
39.4832,7.07,25.06,130.0,60.0,25.31,24.87,24.5
39.5364,8.33,25.06,130.0,60.0,25.31,24.87,24.5
39.5898,12.82,25.06,130.0,60.0,25.31,24.87,24.5
39.6429,44.38,25.06,130.0,60.0,25.31,24.87,24.5
39.6961,33.65,25.06,130.0,60.0,25.31,24.87,24.5
39.7454,10.23,25.06,130.0,60.0,25.31,24.87,24.5
39.7986,18.12,25.06,130.0,60.0,25.31,24.87,24.5
39.8478,65.84,32.32,130.0,60.0,25.31,24.87,24.5
39.901,58.27,32.32,130.0,60.0,25.31,24.87,24.5
39.9543,52.59,32.32,130.0,60.0,25.31,24.87,24.5
40.0074,74.68,32.32,130.0,60.0,25.31,24.87,24.5
40.0607,91.09,32.32,130.0,60.0,25.31,24.87,24.5
40.11,65.84,32.32,130.0,60.0,25.31,24.87,24.5
40.1632,29.23,32.32,130.0,60.0,25.31,24.87,24.5
40.2164,24.18,32.32,130.0,60.0,25.31,24.87,24.5
40.2696,20.71,32.32,130.0,60.0,25.31,24.87,24.5
40.3228,19.13,32.32,130.0,60.0,25.31,24.87,24.5
40.9824,20.71,32.32,131.0,60.0,25.31,24.87,24.5
41.0356,11.87,25.06,130.0,60.0,25.31,24.87,24.5
41.0888,31.12,25.06,130.0,60.0,25.31,24.87,24.5
41.142,61.74,25.06,130.0,60.0,25.31,24.87,24.5
41.1953,49.43,25.06,130.0,60.0,25.31,24.87,24.5
41.2445,5.24,25.06,130.0,60.0,25.31,24.87,24.5
41.2977,2.97,25.06,130.0,60.0,25.31,24.87,24.5
41.3509,4.55,25.06,130.0,60.0,25.31,24.87,24.5
41.4041,5.49,25.06,130.0,60.0,25.31,24.87,24.5
41.4574,21.97,25.06,130.0,60.0,25.31,24.87,24.5
41.5065,54.8,32.32,130.0,60.0,25.31,24.87,24.5
41.5598,75.0,32.32,130.0,60.0,25.31,24.87,24.5
41.609,56.69,32.32,130.0,60.0,25.31,24.87,24.5
41.6623,17.87,32.32,130.0,60.0,25.31,24.87,24.5
41.7155,11.24,32.32,130.0,60.0,25.31,24.87,24.5
41.7687,9.34,32.32,130.0,60.0,25.31,24.87,24.5
41.8219,8.08,32.32,130.0,60.0,25.31,24.87,24.5
41.8712,38.38,32.32,130.0,60.0,25.31,24.87,24.5
41.9244,54.8,32.32,130.0,60.0,25.31,24.87,24.5
41.9776,27.33,32.32,130.0,60.0,25.31,24.87,24.5
42.6411,54.8,32.32,131.0,60.0,25.31,24.94,24.5
42.6943,44.38,25.06,130.0,60.0,25.31,24.94,24.5
42.7436,0.76,25.06,130.0,60.0,25.31,24.94,24.5
42.7968,12.44,25.06,130.0,60.0,25.31,24.94,24.5
42.85,12.12,25.06,130.0,60.0,25.31,24.94,24.5
42.9033,12.44,25.06,130.0,60.0,25.31,24.94,24.5
42.9564,12.5,25.06,130.0,60.0,25.31,24.94,24.5
43.0097,41.22,25.06,130.0,60.0,25.31,24.94,24.5
43.059,27.02,25.06,130.0,60.0,25.31,24.94,24.5
43.1122,14.33,25.06,130.0,60.0,25.31,24.94,24.5
43.1614,72.47,32.32,130.0,60.0,25.31,24.94,24.5
43.2146,58.27,32.32,130.0,60.0,25.31,24.94,24.5
43.2678,52.27,32.32,130.0,60.0,25.31,24.94,24.5
43.321,45.96,32.32,130.0,60.0,25.31,24.94,24.5
43.3742,71.84,32.32,130.0,60.0,25.31,24.94,24.5
43.4235,86.36,32.32,130.0,60.0,25.31,24.94,24.5
43.4767,57.64,32.32,130.0,60.0,25.31,24.94,24.5
43.5299,22.92,32.32,130.0,60.0,25.31,24.94,24.5
43.5832,19.76,32.32,130.0,60.0,25.31,24.94,24.5
43.6363,17.87,32.32,130.0,60.0,25.31,24.94,24.5
44.296,19.44,32.32,131.0,60.0,25.31,24.87,24.5
44.3491,10.29,24.43,130.0,60.0,25.31,24.87,24.5
44.4023,8.4,24.43,130.0,60.0,25.31,24.87,24.5
44.4556,28.28,24.43,130.0,60.0,25.31,24.87,24.5
44.5088,58.58,24.43,130.0,60.0,25.31,24.87,24.5
44.558,45.33,24.43,130.0,60.0,25.31,24.87,24.5
44.6112,1.14,24.43,130.0,60.0,25.31,24.87,24.5
44.6645,6.44,24.43,130.0,60.0,25.31,24.87,24.5
44.7177,7.39,24.43,130.0,60.0,25.31,24.87,24.5
44.7709,7.39,24.43,130.0,60.0,25.31,24.87,24.5
44.8161,47.54,32.32,130.0,60.0,25.31,24.87,24.5
44.8693,44.7,32.32,130.0,60.0,25.31,24.87,24.5
44.9225,79.1,32.32,130.0,60.0,25.31,24.87,24.5
44.9757,81.63,32.32,130.0,60.0,25.31,24.87,24.5
45.0289,43.43,32.32,130.0,60.0,25.31,24.87,24.5
45.0782,19.44,32.32,130.0,60.0,25.31,24.87,24.5
45.1314,16.6,32.32,130.0,60.0,25.31,24.87,24.5
45.1846,14.71,32.32,130.0,60.0,25.31,24.87,24.5
45.2379,20.71,32.32,130.0,60.0,25.31,24.87,24.5
45.2911,59.21,32.32,130.0,60.0,25.31,24.87,24.5
45.9546,11.87,32.01,131.0,60.0,25.31,24.94,24.5
46.0038,35.86,24.43,130.0,60.0,25.31,24.94,24.5
46.057,55.43,24.43,130.0,60.0,25.31,24.94,24.5
46.1103,26.39,24.43,130.0,60.0,25.31,24.94,24.5
46.1635,8.33,24.43,130.0,60.0,25.31,24.94,24.5
46.2128,9.28,24.43,130.0,60.0,25.31,24.94,24.5
46.266,9.6,24.43,130.0,60.0,25.31,24.94,24.5
46.3191,8.65,24.43,130.0,60.0,25.31,24.94,24.5
46.3724,31.12,24.43,130.0,60.0,25.31,24.94,24.5
46.4256,42.8,24.43,130.0,60.0,25.31,24.94,24.5
46.4747,101.2,32.32,130.0,60.0,25.31,24.94,24.5
46.528,63.32,32.32,130.0,60.0,25.31,24.94,24.5
46.5812,33.33,32.32,130.0,60.0,25.31,24.94,24.5
46.6305,29.54,32.32,130.0,60.0,25.31,24.94,24.5
46.6837,26.39,32.32,130.0,60.0,25.31,24.94,24.5
46.737,29.23,32.32,130.0,60.0,25.31,24.94,24.5
46.7901,66.79,32.32,130.0,60.0,25.31,24.94,24.5
46.8434,64.26,32.32,130.0,60.0,25.31,24.94,24.5
46.8926,22.6,32.32,130.0,60.0,25.31,24.94,24.5
46.9459,5.56,32.32,130.0,60.0,25.31,24.94,24.5
47.6094,44.38,32.32,131.0,60.0,25.31,24.87,24.5
47.6626,1.77,24.75,130.0,60.0,25.31,24.87,24.5
47.7158,1.39,24.75,130.0,60.0,25.31,24.87,24.5
47.7651,2.34,24.75,130.0,60.0,25.31,24.87,24.5
47.8183,2.65,24.75,130.0,60.0,25.31,24.87,24.5
47.8715,33.33,24.75,130.0,60.0,25.31,24.87,24.5
47.9247,48.48,24.75,130.0,60.0,25.31,24.87,24.5
47.9779,16.92,24.75,130.0,60.0,25.31,24.87,24.5
48.0272,13.38,24.75,130.0,60.0,25.31,24.87,24.5
48.0805,13.38,24.75,130.0,60.0,25.31,24.87,24.5
48.1295,67.42,32.32,130.0,60.0,25.31,24.87,24.5
48.1828,59.21,32.32,130.0,60.0,25.31,24.87,24.5
48.236,57.32,32.32,130.0,60.0,25.31,24.87,24.5
48.2892,91.09,32.32,130.0,60.0,25.31,24.87,24.5
48.3425,90.46,32.32,130.0,60.0,25.31,24.87,24.5
48.3917,51.32,32.32,130.0,60.0,25.31,24.87,24.5
48.445,28.6,32.32,130.0,60.0,25.31,24.87,24.5
48.4982,25.44,32.32,130.0,60.0,25.31,24.87,24.5
48.5514,23.23,32.32,130.0,60.0,25.31,24.87,24.5
48.6046,30.49,32.32,130.0,60.0,25.31,24.87,24.5
49.2642,21.65,32.32,131.0,60.0,25.25,24.94,24.5
49.3174,11.87,25.38,130.0,60.0,25.25,24.94,24.5
49.3705,44.38,25.38,130.0,60.0,25.25,24.94,24.5
49.4238,60.79,25.38,130.0,60.0,25.25,24.94,24.5
49.477,31.12,25.38,130.0,60.0,25.25,24.94,24.5
49.5263,3.28,25.38,130.0,60.0,25.25,24.94,24.5
49.5795,3.6,25.38,130.0,60.0,25.25,24.94,24.5
49.6327,4.23,25.38,130.0,60.0,25.25,24.94,24.5
49.6859,2.97,25.38,130.0,60.0,25.25,24.94,24.5
49.7391,35.86,25.38,130.0,60.0,25.25,24.94,24.5
49.7884,65.84,32.32,130.0,60.0,25.25,24.94,24.5
49.8415,74.05,32.32,130.0,60.0,25.25,24.94,24.5
49.8907,40.59,32.32,130.0,60.0,25.25,24.94,24.5
49.944,12.82,32.32,130.0,60.0,25.25,24.94,24.5
49.9973,10.92,32.32,130.0,60.0,25.25,24.94,24.5
50.0504,9.34,32.32,130.0,60.0,25.25,24.94,24.5
50.1037,13.13,32.32,130.0,60.0,25.25,24.94,24.5
50.153,51.32,32.32,130.0,60.0,25.25,24.94,24.5
50.2061,50.38,32.32,130.0,60.0,25.25,24.94,24.5
50.2594,12.18,32.32,130.0,60.0,25.25,24.94,24.5
50.923,55.11,32.32,131.0,60.0,25.25,24.94,24.5
50.9761,30.81,25.69,130.0,60.0,25.25,24.94,24.5
51.0254,8.02,25.69,130.0,60.0,25.25,24.94,24.5
51.0786,12.75,25.69,130.0,60.0,25.25,24.94,24.5
51.1318,12.75,25.69,130.0,60.0,25.25,24.94,24.5
51.185,13.38,25.69,130.0,60.0,25.25,24.94,24.5
51.2382,22.28,25.38,130.0,60.0,25.25,24.94,24.5
51.2915,40.28,25.69,130.0,60.0,25.25,24.94,24.5
51.3407,10.29,25.38,130.0,60.0,25.25,24.94,24.5
51.394,20.96,25.38,130.0,60.0,25.25,24.94,24.5
51.4431,67.42,32.32,130.0,60.0,25.25,24.94,24.5
51.4963,58.9,32.32,130.0,60.0,25.25,24.94,24.5
51.5496,52.59,32.32,130.0,60.0,25.25,24.94,24.5
51.6028,49.11,32.32,130.0,60.0,25.25,24.94,24.5
51.656,82.57,32.32,130.0,60.0,25.25,24.94,24.5
51.7052,85.1,32.32,130.0,60.0,25.25,24.94,24.5
51.7584,48.8,32.32,130.0,60.0,25.25,24.94,24.5
51.8116,23.55,32.32,130.0,60.0,25.25,24.94,24.5
51.8649,20.71,32.32,130.0,60.0,25.25,24.94,24.5
51.9181,18.18,32.32,130.0,60.0,25.25,24.94,24.5
52.5777,20.07,32.32,131.0,60.0,25.25,24.94,24.5
52.6309,10.29,25.69,130.0,60.0,25.25,24.94,24.5
52.684,8.4,25.69,130.0,60.0,25.25,24.94,24.5
52.7373,37.12,25.69,130.0,60.0,25.25,24.94,24.5
52.7905,57.64,25.69,130.0,60.0,25.25,24.94,24.5
52.8398,33.33,25.69,130.0,60.0,25.25,24.94,24.5
52.893,2.97,25.69,130.0,60.0,25.25,24.94,24.5
52.9462,7.07,25.69,130.0,60.0,25.25,24.94,24.5
52.9994,7.39,25.69,130.0,60.0,25.25,24.94,24.5
53.0487,7.39,25.69,130.0,60.0,25.25,24.94,24.5
53.0978,43.75,32.32,130.0,60.0,25.25,24.94,24.5
53.1511,45.01,32.32,130.0,60.0,25.25,24.94,24.5
53.2042,80.99,32.32,130.0,60.0,25.25,24.94,24.5
53.2575,75.31,32.32,130.0,60.0,25.25,24.94,24.5
53.3107,33.33,32.32,130.0,60.0,25.25,24.94,24.5
53.36,16.92,32.32,130.0,60.0,25.25,24.94,24.5
53.4132,15.02,32.32,130.0,60.0,25.25,24.94,24.5
53.4664,13.45,32.32,130.0,60.0,25.25,24.94,24.5
53.5196,28.91,32.32,130.0,60.0,25.25,24.94,24.5
53.5728,58.27,32.32,130.0,60.0,25.25,24.94,24.5
54.2324,12.5,32.32,131.0,60.0,25.25,24.94,24.56
54.2856,41.85,25.69,130.0,60.0,25.25,24.94,24.56
54.3388,51.95,25.69,130.0,60.0,25.25,24.94,24.56
54.392,16.92,25.69,130.0,60.0,25.25,24.94,24.56
54.4453,9.91,25.69,130.0,60.0,25.25,24.94,24.56
54.4945,10.23,25.69,130.0,60.0,25.25,24.94,24.56
54.5477,10.23,25.69,130.0,60.0,25.25,24.94,24.56
54.601,4.86,25.69,130.0,60.0,25.25,24.94,24.56
54.6542,37.12,25.69,130.0,60.0,25.25,24.94,24.56
54.7074,38.38,25.69,130.0,60.0,25.25,24.94,24.56
54.7566,104.04,32.32,130.0,60.0,25.25,24.94,24.56
54.8098,60.79,32.32,130.0,60.0,25.25,24.94,24.56
54.8591,38.38,32.32,130.0,60.0,25.25,24.94,24.56
54.9123,34.28,32.32,130.0,60.0,25.25,24.94,24.56
54.9654,30.18,32.32,130.0,60.0,25.25,24.94,24.56
55.0187,40.59,32.32,130.0,60.0,25.25,24.94,24.56
55.0719,72.16,32.32,130.0,60.0,25.25,24.94,24.56
55.1251,63.0,32.32,130.0,60.0,25.25,24.94,24.56
55.1744,20.71,32.32,130.0,60.0,25.25,24.94,24.56
55.2276,9.34,32.32,130.0,60.0,25.25,24.94,24.56
55.8911,38.7,32.32,131.0,60.0,25.25,24.94,24.5
55.9443,1.77,25.69,130.0,60.0,25.25,24.94,24.5
55.9936,0.51,25.69,130.0,60.0,25.25,24.94,24.5
56.0468,0.76,25.69,130.0,60.0,25.25,24.94,24.5
56.1001,2.4,25.69,130.0,60.0,25.25,24.94,24.5
56.1533,42.49,25.69,130.0,60.0,25.25,24.94,24.5
56.2065,48.17,25.69,130.0,60.0,25.25,24.94,24.5
56.2597,10.61,25.69,130.0,60.0,25.25,24.94,24.5
56.309,12.12,25.69,130.0,60.0,25.25,24.94,24.5
56.3622,12.75,25.69,130.0,60.0,25.25,24.94,24.5
56.4113,68.37,32.32,130.0,60.0,25.25,24.94,24.5
56.4646,60.16,32.32,130.0,60.0,25.25,24.94,24.5
56.5178,60.79,32.32,130.0,60.0,25.25,24.94,24.5
56.571,94.88,32.32,130.0,60.0,25.25,24.94,24.5
56.6242,87.62,32.32,130.0,60.0,25.25,24.94,24.5
56.6735,44.06,32.32,130.0,60.0,25.25,24.94,24.5
56.7267,27.97,32.32,130.0,60.0,25.25,24.94,24.5
56.78,25.13,32.32,130.0,60.0,25.25,24.94,24.5
56.8331,21.97,32.32,130.0,60.0,25.25,24.94,24.5
56.8863,39.96,32.32,130.0,60.0,25.25,24.94,24.5
57.546,20.07,32.32,131.0,60.0,25.25,24.94,24.5
57.5991,13.13,25.69,130.0,60.0,25.25,24.94,24.5
57.6523,52.27,25.69,130.0,60.0,25.25,24.94,24.5
57.7056,59.21,25.69,130.0,60.0,25.25,24.94,24.5
57.7587,21.34,25.69,130.0,60.0,25.25,24.94,24.5
57.808,3.28,25.69,130.0,60.0,25.25,24.94,24.5
57.8613,4.55,25.69,130.0,60.0,25.25,24.94,24.5
57.9145,4.55,25.69,130.0,60.0,25.25,24.94,24.5
57.9677,0.82,25.69,130.0,60.0,25.25,24.94,24.5
58.0209,42.8,25.69,130.0,60.0,25.25,24.94,24.5
58.0701,76.26,32.32,130.0,60.0,25.25,24.94,24.5
58.1233,73.1,32.32,130.0,60.0,25.25,24.94,24.5
58.1726,32.7,32.32,130.0,60.0,25.25,24.94,24.5
58.2258,14.08,32.32,130.0,60.0,25.25,24.94,24.5
58.279,11.87,32.32,130.0,60.0,25.25,24.94,24.5
58.3322,10.29,32.32,130.0,60.0,25.25,24.94,24.5
58.3854,23.23,32.32,130.0,60.0,25.25,24.94,24.5
58.4347,55.43,32.32,130.0,60.0,25.25,24.94,24.5
58.488,47.22,32.32,130.0,60.0,25.25,24.94,24.5
58.5411,6.5,32.32,130.0,60.0,25.25,24.94,24.5
59.2046,56.06,32.32,131.0,60.0,25.25,24.94,24.56
59.2579,16.92,26.01,130.0,60.0,25.25,24.94,24.56
59.3071,11.17,26.01,130.0,60.0,25.25,24.94,24.56
59.3604,12.12,26.01,130.0,60.0,25.25,24.94,24.56
59.4136,13.07,25.69,130.0,60.0,25.25,24.94,24.56
59.4668,7.7,26.01,130.0,60.0,25.25,24.94,24.56
59.52,34.91,26.01,130.0,60.0,25.25,24.94,24.56
59.5692,38.38,26.01,130.0,60.0,25.25,24.94,24.56
59.6225,1.39,25.69,130.0,60.0,25.25,24.94,24.56
59.6757,20.33,26.01,130.0,60.0,25.25,24.94,24.56
59.7248,67.11,32.32,130.0,60.0,25.25,24.94,24.56
59.7782,58.9,32.32,130.0,60.0,25.25,24.94,24.56
59.8313,52.27,32.32,130.0,60.0,25.25,24.94,24.56
59.8845,57.01,32.32,130.0,60.0,25.25,24.94,24.56
59.9378,89.83,32.32,130.0,60.0,25.25,24.94,24.56
59.987,81.63,32.32,130.0,60.0,25.25,24.94,24.56
60.0402,38.07,32.32,130.0,60.0,25.25,24.94,24.56
60.0935,23.23,32.32,130.0,60.0,25.25,24.94,24.56
60.1466,20.39,32.32,130.0,60.0,25.25,24.94,24.56
60.1999,18.18,32.32,130.0,60.0,25.25,24.94,24.56
60.8595,21.02,32.32,131.0,60.0,25.25,24.94,24.56
60.9126,11.55,26.01,130.0,60.0,25.25,24.94,24.56
60.9658,11.55,26.01,130.0,60.0,25.25,24.94,24.56
61.019,50.69,26.01,130.0,60.0,25.25,24.94,24.56
61.0723,57.32,26.01,130.0,60.0,25.25,24.94,24.56
61.1215,20.39,26.01,130.0,60.0,25.25,24.94,24.56
61.1748,4.55,26.01,130.0,60.0,25.25,24.94,24.56
61.228,5.81,26.01,130.0,60.0,25.25,24.94,24.56
61.2811,6.12,26.01,130.0,60.0,25.25,24.94,24.56
61.3305,0.44,26.01,130.0,60.0,25.25,24.94,24.56
61.3796,34.91,32.32,130.0,60.0,25.25,24.94,24.56
61.4328,51.95,32.32,130.0,60.0,25.25,24.94,24.56
61.486,75.63,32.32,130.0,60.0,25.25,24.94,24.56
61.5393,61.42,32.32,130.0,60.0,25.25,24.94,24.56
61.5925,20.71,32.32,130.0,60.0,25.25,24.94,24.56
61.6417,11.87,32.32,130.0,60.0,25.25,24.94,24.56
61.6949,10.29,32.32,130.0,60.0,25.25,24.94,24.56
61.7481,9.34,32.32,130.0,60.0,25.25,24.94,24.56
61.8014,35.54,32.32,130.0,60.0,25.25,24.94,24.56
61.8546,54.8,32.32,130.0,60.0,25.25,24.94,24.56
62.5141,14.39,32.32,131.0,60.0,25.25,24.94,24.56
62.5673,47.54,26.01,130.0,60.0,25.25,24.94,24.56
62.6206,45.96,26.01,130.0,60.0,25.25,24.94,24.56
62.6738,3.66,26.01,130.0,60.0,25.25,24.94,24.56
62.727,12.44,26.01,130.0,60.0,25.25,24.94,24.56
62.7762,12.44,26.01,130.0,60.0,25.25,24.94,24.56
62.8295,12.44,26.01,130.0,60.0,25.25,24.94,24.56
62.8827,3.98,26.01,130.0,60.0,25.25,24.94,24.56
62.9359,39.64,26.01,130.0,60.0,25.25,24.94,24.56
62.9891,32.39,26.01,130.0,60.0,25.25,24.94,24.56
63.0383,104.98,32.32,130.0,60.0,25.25,24.94,24.56
63.0915,57.64,32.32,130.0,60.0,25.25,24.94,24.56
63.1408,43.12,32.32,130.0,60.0,25.25,24.94,24.56
63.194,38.07,32.32,130.0,60.0,25.25,24.94,24.56
63.2473,34.28,32.32,130.0,60.0,25.25,24.94,24.56
63.3005,55.74,32.32,130.0,60.0,25.25,24.94,24.56
63.3537,76.58,32.32,130.0,60.0,25.25,24.94,24.56
63.403,57.64,32.32,130.0,60.0,25.25,24.94,24.56
63.4561,19.13,32.32,130.0,60.0,25.25,24.94,24.56
63.5093,12.18,32.32,130.0,60.0,25.25,24.94,24.56
64.173,33.65,32.32,131.0,60.0,25.25,24.94,24.5
64.2261,4.61,26.01,130.0,60.0,25.25,24.94,24.5
64.2754,3.35,26.01,130.0,60.0,25.25,24.94,24.5
64.3287,2.08,26.01,130.0,60.0,25.25,24.94,24.5
64.3818,8.4,26.01,130.0,60.0,25.25,24.94,24.5
64.4351,50.38,26.01,130.0,60.0,25.25,24.94,24.5
64.4882,47.22,26.01,130.0,60.0,25.25,24.94,24.5
64.5375,4.29,26.01,130.0,60.0,25.25,24.94,24.5
64.5907,11.17,26.01,130.0,60.0,25.25,24.94,24.5
64.644,11.17,26.01,130.0,60.0,25.25,24.94,24.5
64.6931,68.05,32.32,130.0,60.0,25.25,24.94,24.5
64.7463,59.85,32.32,130.0,60.0,25.25,24.94,24.5
64.7995,68.37,32.32,130.0,60.0,25.25,24.94,24.5
64.8528,96.14,32.32,130.0,60.0,25.25,24.94,24.5
64.906,84.47,32.32,130.0,60.0,25.25,24.94,24.5
64.9553,40.91,32.32,130.0,60.0,25.25,24.94,24.5
65.0085,27.65,32.32,130.0,60.0,25.25,24.94,24.5
65.0617,25.13,32.32,130.0,60.0,25.25,24.94,24.5
65.1149,22.6,32.32,130.0,60.0,25.25,24.94,24.5
65.1682,45.33,32.32,130.0,60.0,25.25,24.94,24.5
65.8277,20.39,32.32,131.0,60.0,25.25,24.94,24.56
65.881,15.97,26.01,130.0,60.0,25.25,24.94,24.56
65.9341,56.06,26.01,130.0,60.0,25.25,24.94,24.56
65.9873,57.32,26.01,130.0,60.0,25.25,24.94,24.56
66.0405,16.29,26.01,130.0,60.0,25.25,24.94,24.56
66.0898,3.6,26.01,130.0,60.0,25.25,24.94,24.56
66.143,4.23,26.01,130.0,60.0,25.25,24.94,24.56
66.1962,4.86,26.01,130.0,60.0,25.25,24.94,24.56
66.2495,2.71,26.01,130.0,60.0,25.25,24.94,24.56
66.3027,44.7,26.01,130.0,60.0,25.25,24.94,24.56
66.3518,78.78,32.32,130.0,60.0,25.25,24.94,24.56
66.4051,73.1,32.32,130.0,60.0,25.25,24.94,24.56
66.4543,31.12,32.32,130.0,60.0,25.25,24.94,24.56
66.5075,15.66,32.32,130.0,60.0,25.25,24.94,24.56
66.5608,12.82,32.32,130.0,60.0,25.25,24.94,24.56
66.614,11.24,32.32,130.0,60.0,25.25,24.94,24.56
66.6672,27.97,32.32,130.0,60.0,25.25,24.94,24.56
66.7165,57.01,32.32,130.0,60.0,25.25,24.94,24.56
66.7697,46.59,32.32,130.0,60.0,25.25,24.94,24.56
66.823,5.56,32.32,130.0,60.0,25.25,24.94,24.56
67.4864,56.69,32.32,131.0,60.0,25.25,24.94,24.56
67.5396,17.55,26.01,130.0,60.0,25.25,24.94,24.56
67.589,10.23,26.01,130.0,60.0,25.25,24.94,24.56
67.6421,10.54,26.01,130.0,60.0,25.25,24.94,24.56
67.6954,11.17,26.01,130.0,60.0,25.25,24.94,24.56
67.7485,6.12,26.01,130.0,60.0,25.25,24.94,24.56
67.8018,36.17,26.01,130.0,60.0,25.25,24.94,24.56
67.851,38.07,26.01,130.0,60.0,25.25,24.94,24.56
67.9043,0.44,26.01,130.0,60.0,25.25,24.94,24.56
67.9574,20.01,26.01,130.0,60.0,25.25,24.94,24.56
68.0067,66.16,32.32,130.0,60.0,25.25,24.94,24.56
68.0599,58.9,32.32,130.0,60.0,25.25,24.94,24.56
68.1131,52.9,32.32,130.0,60.0,25.25,24.94,24.56
68.1663,57.64,32.32,130.0,60.0,25.25,24.94,24.56
68.2156,89.52,32.32,130.0,60.0,25.25,24.94,24.56
68.2688,80.68,32.32,130.0,60.0,25.25,24.94,24.56
68.322,37.44,32.32,130.0,60.0,25.25,24.94,24.56
68.3752,23.23,32.32,130.0,60.0,25.25,24.94,24.56
68.4284,20.71,32.32,130.0,60.0,25.25,24.94,24.56
68.4777,18.18,32.32,130.0,60.0,25.25,24.94,24.56
69.1412,20.39,32.32,131.0,60.0,25.25,24.94,24.56
69.1945,10.29,26.01,130.0,60.0,25.25,24.94,24.56
69.2477,12.5,26.01,130.0,60.0,25.25,24.94,24.56
69.3008,52.27,26.01,130.0,60.0,25.25,24.94,24.56
69.354,55.74,26.01,130.0,60.0,25.25,24.94,24.56
69.4033,17.23,26.01,130.0,60.0,25.25,24.94,24.56
69.4565,5.18,26.01,130.0,60.0,25.25,24.94,24.56
69.5097,5.81,26.01,130.0,60.0,25.25,24.94,24.56
69.563,6.12,26.01,130.0,60.0,25.25,24.94,24.56
69.6123,0.82,26.01,130.0,60.0,25.25,24.94,24.56
69.6614,33.65,32.32,130.0,60.0,25.25,24.94,24.56
69.7146,53.85,32.32,130.0,60.0,25.25,24.94,24.56
69.7678,74.37,32.32,130.0,60.0,25.25,24.94,24.56
69.8211,55.74,32.32,130.0,60.0,25.25,24.94,24.56
69.8742,17.23,32.32,130.0,60.0,25.25,24.94,24.56
69.9236,10.61,32.32,130.0,60.0,25.25,24.94,24.56
69.9768,9.03,32.32,130.0,60.0,25.25,24.94,24.56
70.0299,7.13,32.32,130.0,60.0,25.25,24.94,24.56
70.0832,37.12,32.32,130.0,60.0,25.25,24.94,24.56
70.1363,53.22,32.32,130.0,60.0,25.25,24.94,24.56
70.796,18.18,32.32,131.0,60.0,25.25,24.94,24.56
70.8492,47.85,26.01,130.0,60.0,25.25,24.94,24.56
70.9024,42.17,26.01,130.0,60.0,25.25,24.94,24.56
70.9556,1.7,26.01,130.0,60.0,25.25,24.94,24.56
71.0088,13.38,26.01,130.0,60.0,25.25,24.94,24.56
71.0581,14.01,26.01,130.0,60.0,25.25,24.94,24.56
71.1113,13.38,26.01,130.0,60.0,25.25,24.94,24.56
71.1645,10.92,26.01,130.0,60.0,25.25,24.94,24.56
71.2177,39.33,26.01,130.0,60.0,25.25,24.94,24.56
71.2709,25.13,26.01,130.0,60.0,25.25,24.94,24.56
71.3201,102.77,32.32,130.0,60.0,25.25,24.94,24.56
71.3733,57.32,32.32,130.0,60.0,25.25,24.94,24.56
71.4227,46.27,32.32,130.0,60.0,25.25,24.94,24.56
71.4759,40.91,32.32,130.0,60.0,25.25,24.94,24.56
71.529,37.12,32.32,130.0,60.0,25.25,24.94,24.56
71.5823,64.9,32.32,130.0,60.0,25.25,24.94,24.56
71.6355,78.47,32.32,130.0,60.0,25.25,24.94,24.56
71.6847,48.8,32.32,130.0,60.0,25.25,24.94,24.56
71.738,15.97,32.32,130.0,60.0,25.25,24.94,24.56
71.7912,14.39,32.32,130.0,60.0,25.25,24.94,24.56
72.4547,26.39,32.32,131.0,60.0,25.19,25.0,24.56
72.5079,6.19,26.01,130.0,60.0,25.19,25.0,24.56
72.5572,4.61,26.01,130.0,60.0,25.19,25.0,24.56
72.6104,3.35,26.01,130.0,60.0,25.19,25.0,24.56
72.6636,26.39,26.01,130.0,60.0,25.19,25.0,24.56
72.7168,53.53,26.01,130.0,60.0,25.19,25.0,24.56
72.77,39.01,26.01,130.0,60.0,25.19,25.0,24.56
72.8193,2.34,26.01,130.0,60.0,25.19,25.0,24.56
72.8725,9.91,26.01,130.0,60.0,25.19,25.0,24.56
72.9257,9.6,26.01,130.0,60.0,25.19,25.0,24.56
72.9749,68.05,32.32,130.0,60.0,25.19,25.0,24.56
73.0281,60.48,32.32,130.0,60.0,25.19,25.0,24.56
73.0813,57.32,32.32,130.0,60.0,25.19,25.0,24.56
73.1306,90.46,32.32,130.0,60.0,25.19,25.0,24.56
73.1838,91.09,32.32,130.0,60.0,25.19,25.0,24.56
73.237,52.27,32.32,130.0,60.0,25.19,25.0,24.56
73.2902,28.28,32.32,130.0,60.0,25.19,25.0,24.56
73.3434,24.81,32.32,130.0,60.0,25.19,25.0,24.56
73.3927,22.28,32.32,130.0,60.0,25.19,25.0,24.56
73.4459,28.6,32.32,130.0,60.0,25.19,25.0,24.56
74.1094,20.71,32.32,131.0,60.0,25.25,25.0,24.56
74.1626,10.92,26.01,130.0,60.0,25.25,25.0,24.56
74.2158,44.7,26.01,130.0,60.0,25.25,25.0,24.56
74.2651,60.48,26.01,130.0,60.0,25.25,25.0,24.56
74.3183,28.28,26.01,130.0,60.0,25.25,25.0,24.56
74.3715,3.91,26.01,130.0,60.0,25.25,25.0,24.56
74.4247,3.6,26.01,130.0,60.0,25.25,25.0,24.56
74.4779,4.23,26.01,130.0,60.0,25.25,25.0,24.56
74.5272,2.97,26.01,130.0,60.0,25.25,25.0,24.56
74.5804,36.8,26.01,130.0,60.0,25.25,25.0,24.56
74.6296,69.32,32.32,130.0,60.0,25.25,25.0,24.56
74.6828,73.73,32.32,130.0,60.0,25.25,25.0,24.56
74.7361,38.7,32.32,130.0,60.0,25.25,25.0,24.56
74.7893,13.13,32.32,130.0,60.0,25.25,25.0,24.56
74.8425,11.55,32.32,130.0,60.0,25.25,25.0,24.56
74.8918,9.66,32.32,130.0,60.0,25.25,25.0,24.56
74.945,14.08,32.32,130.0,60.0,25.25,25.0,24.56
74.9982,52.27,32.32,130.0,60.0,25.25,25.0,24.56
75.0513,50.38,32.32,130.0,60.0,25.25,25.0,24.56
75.1046,11.55,32.32,130.0,60.0,25.25,25.0,24.56
75.7641,55.74,32.32,131.0,60.0,25.19,24.94,24.56
75.8173,24.81,26.01,130.0,60.0,25.19,24.94,24.56
75.8706,10.54,26.01,130.0,60.0,25.19,24.94,24.56
75.9238,12.12,26.01,130.0,60.0,25.19,24.94,24.56
75.9771,11.81,26.01,130.0,60.0,25.19,24.94,24.56
76.0262,10.86,26.01,130.0,60.0,25.19,24.94,24.56
76.0795,29.54,26.01,130.0,60.0,25.19,24.94,24.56
76.1327,39.33,26.01,130.0,60.0,25.19,24.94,24.56
76.1859,4.61,26.01,130.0,60.0,25.19,24.94,24.56
76.2392,20.64,26.01,130.0,60.0,25.19,24.94,24.56
76.2883,67.74,32.32,130.0,60.0,25.19,24.94,24.56
76.3415,59.85,32.32,130.0,60.0,25.19,24.94,24.56
76.3909,53.22,32.32,130.0,60.0,25.19,24.94,24.56
76.444,53.53,32.32,130.0,60.0,25.19,24.94,24.56
76.4973,88.25,32.32,130.0,60.0,25.19,24.94,24.56
76.5505,83.83,32.32,130.0,60.0,25.19,24.94,24.56
76.6037,42.17,32.32,130.0,60.0,25.19,24.94,24.56
76.6569,24.18,32.32,130.0,60.0,25.19,24.94,24.56
76.7062,20.71,32.32,130.0,60.0,25.19,24.94,24.56
76.7594,19.13,32.32,130.0,60.0,25.19,24.94,24.56
77.4229,20.39,32.32,131.0,60.0,25.19,24.94,24.56
77.4761,10.29,26.01,130.0,60.0,25.19,24.94,24.56
77.5293,10.29,26.01,130.0,60.0,25.19,24.94,24.56
77.5786,49.11,26.01,130.0,60.0,25.19,24.94,24.56
77.6318,57.64,26.01,130.0,60.0,25.19,24.94,24.56
77.685,21.34,26.01,130.0,60.0,25.19,24.94,24.56
77.7382,5.18,26.01,130.0,60.0,25.19,24.94,24.56
77.7875,5.49,26.01,130.0,60.0,25.19,24.94,24.56
77.8407,6.44,26.01,130.0,60.0,25.19,24.94,24.56
77.8939,1.07,26.01,130.0,60.0,25.19,24.94,24.56
77.943,34.91,32.32,130.0,60.0,25.19,24.94,24.56
77.9962,51.32,32.32,130.0,60.0,25.19,24.94,24.56
78.0495,75.31,32.32,130.0,60.0,25.19,24.94,24.56
78.0987,60.48,32.32,130.0,60.0,25.19,24.94,24.56
78.1519,20.07,32.32,130.0,60.0,25.19,24.94,24.56
78.2051,11.55,32.32,130.0,60.0,25.19,24.94,24.56
78.2584,9.66,32.32,130.0,60.0,25.19,24.94,24.56
78.3116,8.08,32.32,130.0,60.0,25.19,24.94,24.56
78.3609,35.23,32.32,130.0,60.0,25.19,24.94,24.56
78.4141,54.48,32.32,130.0,60.0,25.19,24.94,24.56
79.0777,14.39,32.32,131.0,60.0,25.19,24.94,24.5
79.1309,48.17,26.01,130.0,60.0,25.19,24.94,24.5
79.184,43.75,26.01,130.0,60.0,25.19,24.94,24.5
79.2333,0.19,26.01,130.0,60.0,25.19,24.94,24.5
79.2865,13.38,26.01,130.0,60.0,25.19,24.94,24.5
79.3397,13.38,26.01,130.0,60.0,25.19,24.94,24.5
79.393,13.38,26.01,130.0,60.0,25.19,24.94,24.5
79.4462,8.71,26.01,130.0,60.0,25.19,24.94,24.5
79.4955,39.64,26.01,130.0,60.0,25.19,24.94,24.5
79.5487,29.54,26.01,130.0,60.0,25.19,24.94,24.5
79.6019,106.56,32.32,130.0,60.0,25.19,24.94,24.5
79.651,58.27,32.32,130.0,60.0,25.19,24.94,24.5
79.7042,45.64,32.32,130.0,60.0,25.19,24.94,24.5
79.7575,40.91,32.32,130.0,60.0,25.19,24.94,24.5
79.8107,36.49,32.32,130.0,60.0,25.19,24.94,24.5
79.8599,62.06,32.32,130.0,60.0,25.19,24.94,24.5
79.9132,77.84,32.32,130.0,60.0,25.19,24.94,24.5
79.9664,51.95,32.32,130.0,60.0,25.19,24.94,24.5
80.0196,17.55,32.32,130.0,60.0,25.19,24.94,24.5
80.0729,13.45,32.32,130.0,60.0,25.19,24.94,24.5
80.7364,28.6,32.32,131.0,60.0,25.19,24.94,24.56
80.7857,6.5,26.01,130.0,60.0,25.19,24.94,24.56
80.8389,3.98,26.01,130.0,60.0,25.19,24.94,24.56
80.8921,3.03,26.01,130.0,60.0,25.19,24.94,24.56
80.9453,21.02,26.01,130.0,60.0,25.19,24.94,24.56
80.9985,53.53,26.01,130.0,60.0,25.19,24.94,24.56
81.0478,43.43,26.01,130.0,60.0,25.19,24.94,24.56
